rank,species,estimable_folds,conditional_concordance,direction_vs_null
1,Xerochrysum papillosum,1,0.183333333333,below_0.5
2,Patersonia occidentalis,1,0.222222222222,below_0.5
3,Calandrinia polyandra,1,0.229166666667,below_0.5
4,Pomaderris paniculosa,3,0.261575622445,below_0.5
5,Derris trifoliata,3,0.297464985994,below_0.5
6,Solanum laciniatum,5,0.316353343865,below_0.5
7,Chionanthus ramiflorus,3,0.321937321937,below_0.5
8,Isolepis platycarpa,2,0.325238095238,below_0.5
9,Stackhousia monogyna,3,0.325946472019,below_0.5
10,Corynotheca micrantha,2,0.329545454545,below_0.5
11,Zoysia macrantha,4,0.330522486772,below_0.5
12,Cheilanthes tenuifolia,4,0.332253694581,below_0.5
13,Tecticornia indica,5,0.340322699613,below_0.5
14,Lachnagrostis aemula,3,0.342164295653,below_0.5
15,Wahlenbergia gracilenta,3,0.356600611259,below_0.5
16,Oldenlandia corymbosa,2,0.360000000000,below_0.5
17,Acacia leptocarpa,4,0.361682200292,below_0.5
18,Poa billardierei,4,0.363279332852,below_0.5
19,Cyperus stolonifer,2,0.365384615385,below_0.5
20,Adiantum aethiopicum,4,0.367105263158,below_0.5
21,Pandorea pandorana,4,0.368750000000,below_0.5
22,Schoenoplectus tabernaemontani,2,0.375000000000,below_0.5
23,Euchiton sphaericus,5,0.379313725490,below_0.5
24,Malvastrum americanum,3,0.381239481239,below_0.5
25,Boerhavia coccinea,4,0.386527136960,below_0.5
26,Rumex hypogaeus,4,0.388877811011,below_0.5
27,Euphorbia litticola,4,0.392737003058,below_0.5
28,Thyridia repens,4,0.396625243665,below_0.5
29,Apium insulare,2,0.398948091382,below_0.5
30,Dysphania pumilio,3,0.408727735369,below_0.5
31,Asplenium flabellifolium,4,0.410351335656,below_0.5
32,Acacia spec.,4,0.410622914349,below_0.5
33,Memecylon pauciflorum,4,0.411038961039,below_0.5
34,Peltophorum pterocarpum,2,0.411290322581,below_0.5
35,Beyeria lechenaultii,4,0.411830001139,below_0.5
36,Atriplex suberecta,1,0.413043478261,below_0.5
37,Kunzea ambigua,2,0.414228723404,below_0.5
38,Crinum pedunculatum,4,0.421856625961,below_0.5
39,Leptinella reptans,1,0.421875000000,below_0.5
40,Antiaris toxicaria,2,0.425414364641,below_0.5
41,Amyema benthamii,2,0.425925925926,below_0.5
42,Cotula australis,5,0.429714991544,below_0.5
43,Secamone elliptica,4,0.434770114943,below_0.5
44,Spinifex sericeus,4,0.435741260769,below_0.5
45,Amaranthus undulatus,5,0.439441854442,below_0.5
46,Callitris rhomboidea,3,0.439488636364,below_0.5
47,Tecticornia arbuscula,5,0.443750000000,below_0.5
48,Wahlenbergia spec.,4,0.444360269360,below_0.5
49,Rytidosperma caespitosum,5,0.444426596573,below_0.5
50,Cynodon dactylon,5,0.445189653106,below_0.5
51,Scyphiphora hydrophylacea,1,0.445454545455,below_0.5
52,Petrorhagia dubia,3,0.446706805327,below_0.5
53,Triglochin trichophora,4,0.447315875977,below_0.5
54,Juncus kraussii,5,0.448989684455,below_0.5
55,Euchiton involucratus,4,0.450662756769,below_0.5
56,Exocarpos syrticola,4,0.451334374071,below_0.5
57,Thespesia populnea,4,0.451867816092,below_0.5
58,Machaerina juncea,5,0.452471016332,below_0.5
59,Litsea glutinosa,3,0.456060606061,below_0.5
60,Pachygone ovata,3,0.456504702194,below_0.5
61,Actites megalocarpus,5,0.457292257220,below_0.5
62,Mnesithea formosa,4,0.458861367127,below_0.5
63,Pseudognaphalium luteoalbum,5,0.459006529326,below_0.5
64,Lawrencia squamata,3,0.462423030971,below_0.5
65,Sida rhombifolia,4,0.462714460784,below_0.5
66,Westringia dampieri,5,0.463553275803,below_0.5
67,Ficinia nodosa,5,0.463826601230,below_0.5
68,Acacia saligna,2,0.464285714286,below_0.5
69,Cynanchum viminale,5,0.464636339293,below_0.5
70,Elaeocarpus arnhemicus,2,0.464705882353,below_0.5
71,Isolepis marginata,4,0.465088593953,below_0.5
72,Beyeria viscosa,4,0.465773809524,below_0.5
73,Capparis sepiaria,4,0.466200229494,below_0.5
74,Ruppia maritima,3,0.466666666667,below_0.5
75,Angianthus preissianus,3,0.467178599020,below_0.5
76,Juncus pallidus,5,0.468046455424,below_0.5
77,Ximenia americana,2,0.468055555556,below_0.5
78,Plectranthus scutellarioides,3,0.468253968254,below_0.5
79,Scleria rugosa,4,0.468481369821,below_0.5
80,Dodonaea viscosa,5,0.469387276887,below_0.5
81,Eragrostis spec.,1,0.470588235294,below_0.5
82,Triglochin centrocarpa,1,0.471428571429,below_0.5
83,Sporobolus virginicus,5,0.471813140726,below_0.5
84,Cassytha pubescens,5,0.472108920491,below_0.5
85,Ipomoea nil,2,0.473214285714,below_0.5
86,Acrostichum speciosum,3,0.473304473304,below_0.5
87,Allocasuarina verticillata,4,0.473576154431,below_0.5
88,Kennedia prostrata,4,0.475228658537,below_0.5
89,Thysanotus patersonii,4,0.475806451613,below_0.5
90,Operculina brownii,3,0.476000072535,below_0.5
91,Triglochin striata,5,0.476057381325,below_0.5
92,Schoenoplectus subulatus,4,0.476562500000,below_0.5
93,Ophioglossum lusitanicum,3,0.477272727273,below_0.5
94,Cryptocarya cunninghamii,3,0.477533679397,below_0.5
95,Lachnagrostis filiformis,5,0.477626446171,below_0.5
96,Calandrinia spec.,5,0.478097622028,below_0.5
97,Portulaca oleracea,5,0.478452943256,below_0.5
98,Acacia ligulata,4,0.478662825200,below_0.5
99,Podotheca angustifolia,5,0.480020703934,below_0.5
100,Pittosporum angustifolium,3,0.480130102355,below_0.5
101,Pterocaulon sphacelatum,5,0.481461033729,below_0.5
102,Heptapleurum actinophyllum,4,0.481842737095,below_0.5
103,Lepidosperma laterale,4,0.482182635912,below_0.5
104,Cyperus polystachyos,4,0.482353234060,below_0.5
105,Melaleuca lanceolata,5,0.483419779395,below_0.5
106,Olearia axillaris,5,0.483587144220,below_0.5
107,Boerhavia mutabilis,4,0.484313183923,below_0.5
108,Acacia cyclops,3,0.484391534392,below_0.5
109,Disphyma crassifolium,5,0.484721910913,below_0.5
110,Euroschinus falcata,4,0.484817227034,below_0.5
111,Gnaphalium indutum,4,0.487180308726,below_0.5
112,Panicum trichoides,3,0.487303753116,below_0.5
113,Fimbristylis dichotoma,5,0.489441041415,below_0.5
114,Salicornia blackiana,3,0.490164307237,below_0.5
115,Digitaria bicornis,4,0.490740740741,below_0.5
116,Wikstroemia indica,4,0.490808823529,below_0.5
117,Tecticornia halocnemoides,5,0.491546770185,below_0.5
118,Lachnagrostis billardierei,3,0.492003367003,below_0.5
119,Spyridium globulosum,3,0.493110630457,below_0.5
120,Terminalia arenicola,3,0.493436454849,below_0.5
121,Hibbertia lepidota,2,0.493750000000,below_0.5
122,Cyperus pedunculatus,3,0.494125105967,below_0.5
123,Dioscorea bulbifera,5,0.494718614719,below_0.5
124,Spinifex hirsutus,4,0.495979198267,below_0.5
125,Frankenia cordata,2,0.496153846154,below_0.5
126,Eragrostis cumingii,5,0.496657283603,below_0.5
127,Myoporum insulare,5,0.496797811045,below_0.5
128,Boerhavia spec.,3,0.497340615407,below_0.5
129,Microlaena stipoides,4,0.497344242015,below_0.5
130,Dianella revoluta,5,0.498397499127,below_0.5
131,Atriplex cinerea,5,0.499569184873,below_0.5
132,Acacia auriculiformis,1,0.500000000000,equal_0.5
133,Acacia multisiliqua,2,0.500000000000,equal_0.5
134,Aglaia brownii,2,0.500000000000,equal_0.5
135,Andersonia sprengelioides,1,0.500000000000,equal_0.5
136,Asteridea nivea,1,0.500000000000,equal_0.5
137,Asteromyrtus symphyocarpa,1,0.500000000000,equal_0.5
138,Boronia alata,1,0.500000000000,equal_0.5
139,Bossiaea bossiaeoides,1,0.500000000000,equal_0.5
140,Bothriochloa bladhii,2,0.500000000000,equal_0.5
141,Canthium spec.,1,0.500000000000,equal_0.5
142,Cassytha spec.,1,0.500000000000,equal_0.5
143,Clerodendrum costatum,1,0.500000000000,equal_0.5
144,Comesperma secundum,1,0.500000000000,equal_0.5
145,Dapsilanthus spathaceus,1,0.500000000000,equal_0.5
146,Diplolaena dampieri,1,0.500000000000,equal_0.5
147,Euphorbia atoto,2,0.500000000000,equal_0.5
148,Ficus spec.,3,0.500000000000,equal_0.5
149,Ficus superba,1,0.500000000000,equal_0.5
150,Grevillea pteridifolia,1,0.500000000000,equal_0.5
151,Hibbertia spec.,3,0.500000000000,equal_0.5
152,Lepidosperma longitudinale,1,0.500000000000,equal_0.5
153,Lithomyrtus retusa,1,0.500000000000,equal_0.5
154,Maranthes corymbosa,1,0.500000000000,equal_0.5
155,Melaleuca cuticularis,1,0.500000000000,equal_0.5
156,Muellerolimon salicorniaceum,1,0.500000000000,equal_0.5
157,Nematolepis squamea,1,0.500000000000,equal_0.5
158,Neobassia astrocarpa,1,0.500000000000,equal_0.5
159,Pandanus spec.,3,0.500000000000,equal_0.5
160,Phaleria octandra,1,0.500000000000,equal_0.5
161,Pimelea clavata,1,0.500000000000,equal_0.5
162,Poa rodwayi,1,0.500000000000,equal_0.5
163,Scaevola spinescens,1,0.500000000000,equal_0.5
164,Setaria dielsii,3,0.500000000000,equal_0.5
165,Sida acuta,1,0.500000000000,equal_0.5
166,Solanum symonii,2,0.500000000000,equal_0.5
167,Stenotaphrum micranthum,1,0.500000000000,equal_0.5
168,Uvaria glabra,1,0.500000000000,equal_0.5
169,Verticordia verticillata,1,0.500000000000,equal_0.5
170,Viminaria juncea,1,0.500000000000,equal_0.5
171,Vulpia fasciculata,2,0.500000000000,equal_0.5
172,Watsonia meriana,1,0.500000000000,equal_0.5
173,Ziziphus oenopolia,1,0.500000000000,equal_0.5
174,Apalochlamys spectabilis,4,0.501317487598,above_0.5
175,Convolvulus erubescens,4,0.502046783626,above_0.5
176,Centrolepis polygyna,4,0.502495754100,above_0.5
177,Correa reflexa,4,0.503722140188,above_0.5
178,Poranthera microphylla,5,0.504449646399,above_0.5
179,Geranium solanderi,5,0.505379885815,above_0.5
180,Salicornia quinqueflora,5,0.505806977413,above_0.5
181,Helichrysum leucopsideum,4,0.505848300585,above_0.5
182,Lycium australe,2,0.505966048876,above_0.5
183,Ficus rubiginosa,3,0.506625523987,above_0.5
184,Centrolepis strigosa,5,0.506642567275,above_0.5
185,Carallia brachiata,3,0.506716249718,above_0.5
186,Alyxia spicata,4,0.506747159091,above_0.5
187,Waltheria indica,5,0.506765131420,above_0.5
188,Calophyllum sil,3,0.507194244604,above_0.5
189,Aegiceras corniculatum,4,0.507860527664,above_0.5
190,Cheilanthes austrotenuifolia,4,0.507928475034,above_0.5
191,Apium prostratum,5,0.508692534907,above_0.5
192,Hydrocotyle diantha,3,0.509589947090,above_0.5
193,Mallotus philippensis,4,0.510000000000,above_0.5
194,Paraserianthes lophantha,3,0.510737941972,above_0.5
195,Dichondra repens,5,0.510798263112,above_0.5
196,Avicennia marina,5,0.510816831947,above_0.5
197,Wilsonia backhousei,2,0.511627906977,above_0.5
198,Eriachne obtusa,5,0.511984943201,above_0.5
199,Boerhavia albiflora,3,0.512144609924,above_0.5
200,Crinum arenarium,3,0.513532763533,above_0.5
201,Galactia tenuiflora,4,0.513990929705,above_0.5
202,Capparis spec.,4,0.515184590014,above_0.5
203,Vitex trifolia,4,0.515616246499,above_0.5
204,Apium annuum,4,0.515777664789,above_0.5
205,Cupaniopsis anacardioides,4,0.517098844673,above_0.5
206,Austrostipa flavescens,5,0.517397014852,above_0.5
207,Juncus bufonius,5,0.517643471768,above_0.5
208,Crotalaria montana,4,0.518071296244,above_0.5
209,Phyllanthus novae-hollandiae,3,0.518274853801,above_0.5
210,Dianella brevicaulis,3,0.518387993863,above_0.5
211,Bellardia viscosa,1,0.519230769231,above_0.5
212,Rumex brownii,4,0.519281695661,above_0.5
213,Diospyros compacta,3,0.519458230631,above_0.5
214,Epilobium billardiereanum,4,0.519774331484,above_0.5
215,Stackhousia intermedia,4,0.520730799211,above_0.5
216,Plantago debilis,4,0.521875000000,above_0.5
217,Bromus arenarius,5,0.522136946180,above_0.5
218,Bulbostylis barbata,5,0.522263287239,above_0.5
219,Senecio hispidulus,5,0.522451230754,above_0.5
220,Millettia pinnata,3,0.522673855589,above_0.5
221,Cymbopogon refractus,4,0.523090644820,above_0.5
222,Pterostylis sanguinea,3,0.523437500000,above_0.5
223,Sclerolaena uniflora,4,0.523776092413,above_0.5
224,Hypoestes floribunda,4,0.523823962260,above_0.5
225,Stylidium adnatum,2,0.525000000000,above_0.5
226,Ficus microcarpa,3,0.525493421053,above_0.5
227,Exocarpos aphyllus,4,0.526108779587,above_0.5
228,Banksia dentata,4,0.526383911951,above_0.5
229,Leptospermum laevigatum,5,0.526560348066,above_0.5
230,Leucophyta brownii,5,0.526689902194,above_0.5
231,Crotalaria medicaginea,5,0.527982685827,above_0.5
232,Pomaderris elliptica,2,0.528119028119,above_0.5
233,Suaeda australis,5,0.528398986327,above_0.5
234,Trachymene pilosa,4,0.529265800121,above_0.5
235,Isolepis cernua,5,0.529276610486,above_0.5
236,Erigeron sumatrensis,5,0.529506641366,above_0.5
237,Huberantha nitidissima,4,0.529681899642,above_0.5
238,Pisonia grandis,2,0.529801324503,above_0.5
239,Caesalpinia bonduc,4,0.530603693182,above_0.5
240,Brucea javanica,4,0.531026164332,above_0.5
241,Cocos nucifera,3,0.532091650365,above_0.5
242,Sehima nervosum,4,0.533333333333,above_0.5
243,Melaleuca leucadendra,4,0.534129648760,above_0.5
244,Mucuna gigantea,4,0.534313725490,above_0.5
245,Drypetes deplanchei,4,0.535068310481,above_0.5
246,Carex pumila,4,0.535516742637,above_0.5
247,Ficus virens,5,0.536480051885,above_0.5
248,Myoporum acuminatum,5,0.536538717062,above_0.5
249,Ptilotus exaltatus,4,0.536923405935,above_0.5
250,Cordia dichotoma,3,0.537037037037,above_0.5
251,Parietaria debilis,5,0.537153297705,above_0.5
252,Roepera apiculata,4,0.537815415104,above_0.5
253,Templetonia retusa,5,0.538357306309,above_0.5
254,Macaranga tanarius,4,0.538370433790,above_0.5
255,Halophila ovalis,4,0.538640152417,above_0.5
256,Spergularia marina,4,0.539062500000,above_0.5
257,Goodenia ovata,4,0.540094735077,above_0.5
258,Melia azedarach,4,0.540760869565,above_0.5
259,Allocasuarina littoralis,4,0.541735347985,above_0.5
260,Senecio pinnatifolius,5,0.542214730580,above_0.5
261,Phyllanthus virgatus,5,0.543106758833,above_0.5
262,Glycosmis trifoliata,4,0.543292808007,above_0.5
263,Lumnitzera racemosa,4,0.543588789211,above_0.5
264,Alyxia buxifolia,5,0.543989315759,above_0.5
265,Ganophyllum falcatum,4,0.544105534269,above_0.5
266,Spinifex longifolius,5,0.545696719367,above_0.5
267,Sterculia quadrifida,4,0.546200901695,above_0.5
268,Sesuvium portulacastrum,5,0.546943682420,above_0.5
269,Cymbopogon ambiguus,5,0.547568498193,above_0.5
270,Exocarpos sparteus,4,0.547889610390,above_0.5
271,Perotis rara,5,0.548159481184,above_0.5
272,Samolus repens,5,0.548592588143,above_0.5
273,Muehlenbeckia adpressa,4,0.548960164218,above_0.5
274,Stipa spec.,3,0.549078525641,above_0.5
275,Capparis spinosa,5,0.549094465785,above_0.5
276,Pimelea serpyllifolia,4,0.549119602062,above_0.5
277,Rhagodia baccata,4,0.549287749288,above_0.5
278,Zanthoxylum parviflorum,4,0.549404299404,above_0.5
279,Triglochin mucronata,3,0.549975267014,above_0.5
280,Platysace compressa,1,0.550000000000,above_0.5
281,Melaleuca dealbata,5,0.550704099822,above_0.5
282,Dissocarpus biflorus,1,0.550847457627,above_0.5
283,Phyllanthus reticulatus,5,0.551006522717,above_0.5
284,Tetragonia implexicoma,5,0.551755150482,above_0.5
285,Glycine tabacina,4,0.552982954545,above_0.5
286,Vigna vexillata,4,0.553472222222,above_0.5
287,Euphorbia tannensis,5,0.553598063192,above_0.5
288,Themeda arguens,3,0.553950216450,above_0.5
289,Portulaca pilosa,5,0.553960426558,above_0.5
290,Dodonaea lanceolata,5,0.554078947368,above_0.5
291,Tetragonia tetragonoides,5,0.554589581501,above_0.5
292,Melaleuca quinquenervia,4,0.555555555556,above_0.5
293,Atriplex spec.,4,0.556427836039,above_0.5
294,Pseuderanthemum variabile,4,0.556599378882,above_0.5
295,Commicarpus australis,3,0.557744937055,above_0.5
296,Rhagodia crassifolia,5,0.557870766958,above_0.5
297,Euchiton japonicus,4,0.558310532802,above_0.5
298,Sida cordifolia,4,0.558333333333,above_0.5
299,Goodenia varia,3,0.559078247109,above_0.5
300,Caladenia latifolia,4,0.559104794365,above_0.5
301,Pycnospora lutescens,3,0.559480676329,above_0.5
302,Salsola australis,5,0.559746632147,above_0.5
303,Ceriops tagal,4,0.560183969421,above_0.5
304,Dracaena trifasciata,3,0.560919540230,above_0.5
305,Terminalia catappa,3,0.561030595813,above_0.5
306,Senecio depressicola,5,0.561214856475,above_0.5
307,Cyathea australis,4,0.561289828431,above_0.5
308,Paspalum vaginatum,3,0.561302681992,above_0.5
309,Lobelia anceps,5,0.561726281383,above_0.5
310,Swainsona lessertiifolia,4,0.562223947550,above_0.5
311,Eutaxia myrtifolia,1,0.562500000000,above_0.5
312,Rytidosperma setaceum,3,0.562648657832,above_0.5
313,Calamagrostis arenaria,5,0.563351075949,above_0.5
314,Daucus glochidiatus,5,0.563462962186,above_0.5
315,Muehlenbeckia gunnii,3,0.563892784790,above_0.5
316,Sphaeromorphaea australis,4,0.564814814815,above_0.5
317,Turraea pubescens,4,0.565374795752,above_0.5
318,Urtica incisa,5,0.566413199426,above_0.5
319,Chenopodium glaucum,5,0.566472839423,above_0.5
320,Frankenia sessilis,2,0.566666666667,above_0.5
321,Wahlenbergia gracilis,5,0.566848151848,above_0.5
322,Morinda citrifolia,4,0.566851698228,above_0.5
323,Enchylaena tomentosa,5,0.567026119701,above_0.5
324,Clematis microphylla,5,0.567079343575,above_0.5
325,Celtis paniculata,4,0.567714838960,above_0.5
326,Chamaecrista absus,4,0.569406428671,above_0.5
327,Comesperma volubile,5,0.569846207714,above_0.5
328,Hoya australis,4,0.570116120219,above_0.5
329,Indigofera hirsuta,5,0.570649129217,above_0.5
330,Maireana oppositifolia,4,0.570860605198,above_0.5
331,Triumfetta repens,3,0.571171598569,above_0.5
332,Eugenia reinwardtiana,3,0.571222328746,above_0.5
333,Fimbristylis ferruginea,5,0.571312724014,above_0.5
334,Threlkeldia diffusa,5,0.571451940214,above_0.5
335,Pipturus argenteus,4,0.571497544404,above_0.5
336,Lomandra longifolia,4,0.571534863946,above_0.5
337,Schenkia australis,5,0.571565440547,above_0.5
338,Calandrinia calyptrata,5,0.572045910899,above_0.5
339,Rhynchosia australis,3,0.572272727273,above_0.5
340,Xylocarpus granatum,4,0.572275641026,above_0.5
341,Canavalia rosea,5,0.572999084879,above_0.5
342,Calophyllum inophyllum,4,0.573170405983,above_0.5
343,Viola hederacea,5,0.573365231260,above_0.5
344,Afrohybanthus enneaspermus,5,0.573444664032,above_0.5
345,Olearia stellulata,2,0.573809523810,above_0.5
346,Croton arnhemicus,3,0.574060792350,above_0.5
347,Gahnia trifida,4,0.574348838494,above_0.5
348,Cyperus javanicus,4,0.574481009672,above_0.5
349,Poa poiformis,5,0.575620041969,above_0.5
350,Bruguiera exaristata,4,0.575807893779,above_0.5
351,Lepidosperma gladiatum,5,0.575907695565,above_0.5
352,Flagellaria indica,5,0.576088858283,above_0.5
353,Hibiscus tiliaceus,5,0.576310050569,above_0.5
354,Vigna marina,4,0.576576061507,above_0.5
355,Clerodendrum inerme,4,0.576605699157,above_0.5
356,Pimelea ferruginea,1,0.576923076923,above_0.5
357,Canarium australianum,4,0.577140242363,above_0.5
358,Fuirena ciliaris,4,0.578925120773,above_0.5
359,Histiopteris incisa,5,0.579053325833,above_0.5
360,Carpobrotus rossii,5,0.579103586250,above_0.5
361,Sigesbeckia orientalis,4,0.579112787356,above_0.5
362,Leucopogon parviflorus,5,0.579264835042,above_0.5
363,Abutilon indicum,5,0.580539148725,above_0.5
364,Leiocarpa supina,4,0.581376245283,above_0.5
365,Elaeodendron melanocarpum,4,0.581494844967,above_0.5
366,Digitaria ctenantha,4,0.581665822357,above_0.5
367,Wurmbea dioica,4,0.581944444444,above_0.5
368,Lepidium foliosum,5,0.581974531623,above_0.5
369,Malva preissiana,4,0.582155377322,above_0.5
370,Fimbristylis cymosa,4,0.583169626558,above_0.5
371,Micromelum minutum,4,0.583299512987,above_0.5
372,Uraria lagopodioides,4,0.583333333333,above_0.5
373,Cyclophyllum coprosmoides,3,0.583748615725,above_0.5
374,Correa backhouseana,4,0.583832683017,above_0.5
375,Ipomoea pes-caprae,5,0.583918998109,above_0.5
376,Imperata cylindrica,4,0.583957892100,above_0.5
377,Setaria apiculata,4,0.584253313394,above_0.5
378,Anthosachne scabra,4,0.584280953952,above_0.5
379,Bulbine semibarbata,5,0.584290987693,above_0.5
380,Guettarda speciosa,3,0.584862598533,above_0.5
381,Tinospora smilacina,5,0.584987488002,above_0.5
382,Heteropogon triticeus,3,0.585019978485,above_0.5
383,Jasminum didymum,5,0.585087344029,above_0.5
384,Juncus pauciflorus,5,0.585639654463,above_0.5
385,Cordia subcordata,5,0.585684550397,above_0.5
386,Bauhinia binata,3,0.587540906966,above_0.5
387,Alloteropsis semialata,5,0.587607031449,above_0.5
388,Parsonsia velutina,5,0.587707039337,above_0.5
389,Atriplex paludosa,5,0.587761827342,above_0.5
390,Acacia longifolia,5,0.587852333025,above_0.5
391,Jasminum elongatum,3,0.588194111745,above_0.5
392,Syzygium suborbiculare,3,0.592969675432,above_0.5
393,Euphorbia bifida,3,0.593517535631,above_0.5
394,Commelina ensifolia,5,0.593553046218,above_0.5
395,Xylocarpus moluccensis,2,0.593750000000,above_0.5
396,Wilsonia humilis,5,0.593862443778,above_0.5
397,Melaleuca viridiflora,4,0.594934122121,above_0.5
398,Sonneratia alba,3,0.595229267087,above_0.5
399,Erythrina variegata,3,0.595237968699,above_0.5
400,Vavaea amicorum,3,0.596424010217,above_0.5
401,Flueggea virosa,4,0.597829187305,above_0.5
402,Leucopogon obovatus,2,0.598591549296,above_0.5
403,Diospyros maritima,4,0.598601061968,above_0.5
404,Psychotria nesophila,3,0.598778932021,above_0.5
405,Indigofera trita,3,0.598958333333,above_0.5
406,Salacia chinensis,3,0.599014336918,above_0.5
407,Pultenaea daphnoides,5,0.599822522983,above_0.5
408,Austrostipa elegantissima,5,0.599974990297,above_0.5
409,Sagina maritima,5,0.600257604714,above_0.5
410,Agave sisalana,4,0.600446428571,above_0.5
411,Nicotiana maritima,3,0.600471698113,above_0.5
412,Cucumis althaeoides,5,0.600602630717,above_0.5
413,Rytidosperma racemosum,4,0.600795705037,above_0.5
414,Cathormion umbellatum,4,0.601290227255,above_0.5
415,Cassytha glabella,4,0.602041062802,above_0.5
416,Jacquemontia paniculata,4,0.602640346138,above_0.5
417,Melaleuca nervosa,3,0.602827050998,above_0.5
418,Asplenium obtusatum,5,0.602857476482,above_0.5
419,Setaria surgens,4,0.603410618280,above_0.5
420,Atriplex isatidea,3,0.603461005999,above_0.5
421,Dendrobium discolor,3,0.603550893551,above_0.5
422,Carpobrotus virescens,3,0.604468443863,above_0.5
423,Rhagodia candolleana,5,0.604648259336,above_0.5
424,Phyla nodiflora,4,0.605253623188,above_0.5
425,Cassytha filiformis,5,0.605466879612,above_0.5
426,Phyllanthus calycinus,4,0.605520999468,above_0.5
427,Aidia racemosa,4,0.605655808761,above_0.5
428,Limosella australis,5,0.605800896900,above_0.5
429,Scaevola crassifolia,5,0.606425221794,above_0.5
430,Scleria brownii,4,0.606655612906,above_0.5
431,Crassula colorata,5,0.607296779232,above_0.5
432,Corchorus aestuans,4,0.607569737134,above_0.5
433,Blumea saxatilis,4,0.607678812416,above_0.5
434,Buchanania arborescens,3,0.607903225806,above_0.5
435,Hydrocotyle hirta,5,0.608881401617,above_0.5
436,Indigofera linifolia,5,0.609004608295,above_0.5
437,Exocarpos cupressiformis,4,0.609393939394,above_0.5
438,Acacia humifusa,2,0.609848484848,above_0.5
439,Calytrix tetragona,5,0.610129649241,above_0.5
440,Plantago hispida,4,0.610243055556,above_0.5
441,Crassula exserta,3,0.610402752479,above_0.5
442,Capparis quiniflora,4,0.611117623699,above_0.5
443,Eucalyptus nitida,2,0.612068965517,above_0.5
444,Luvunga monophylla,3,0.612121212121,above_0.5
445,Cajanus reticulatus,2,0.612500000000,above_0.5
446,Solanum americanum,3,0.612764550265,above_0.5
447,Murdannia graminea,4,0.613774463384,above_0.5
448,Xenostegia tridentata,4,0.614326730303,above_0.5
449,Oxalis perennans,5,0.614629607897,above_0.5
450,Bursaria spinosa,5,0.614630541872,above_0.5
451,Pteridium esculentum,5,0.615845330056,above_0.5
452,Solanum vescum,4,0.617507964954,above_0.5
453,Paspalum scrobiculatum,5,0.618484848485,above_0.5
454,Roepera billardierei,4,0.618627818815,above_0.5
455,Portulaca australis,3,0.618841310594,above_0.5
456,Crassula tetramera,3,0.619360902256,above_0.5
457,Ichnocarpus frutescens,4,0.619428104575,above_0.5
458,Pemphis acidula,4,0.619823232323,above_0.5
459,Ipomoea macrantha,4,0.620863931100,above_0.5
460,Pimelea linifolia,5,0.621222527473,above_0.5
461,Pleurostylia opposita,3,0.621236559140,above_0.5
462,Indigofera colutea,5,0.621340852130,above_0.5
463,Opilia amentacea,4,0.621449714992,above_0.5
464,Alphitonia excelsa,4,0.622889097373,above_0.5
465,Argusia argentea,3,0.623036442295,above_0.5
466,Lasiopetalum discolor,4,0.623076923077,above_0.5
467,Lindsaea ensifolia,4,0.623156707824,above_0.5
468,Wrightia pubescens,4,0.623715850399,above_0.5
469,Smilax australis,5,0.624202202475,above_0.5
470,Bruguiera gymnorhiza,4,0.624221183801,above_0.5
471,Plantago varia,4,0.624264465512,above_0.5
472,Myristica insipida,3,0.624358164983,above_0.5
473,Rhynchosia minima,5,0.624455222197,above_0.5
474,Physalis angulata,2,0.624711981567,above_0.5
475,Poa labillardierei,5,0.624725995588,above_0.5
476,Pelargonium australe,5,0.625728807037,above_0.5
477,Xyris complanata,4,0.626100514631,above_0.5
478,Hibiscus meraukensis,4,0.628465787598,above_0.5
479,Hardenbergia violacea,4,0.628501400560,above_0.5
480,Ficus drupacea,2,0.628846153846,above_0.5
481,Cyanthillium cinereum,5,0.629248827003,above_0.5
482,Malvastrum coromandelianum,3,0.629335684891,above_0.5
483,Ficus opposita,4,0.629850896052,above_0.5
484,Schizachyrium fragile,5,0.630953009483,above_0.5
485,Drosera pygmaea,4,0.631412642338,above_0.5
486,Arivela viscosa,5,0.631562230871,above_0.5
487,Cissus adnata,3,0.631562881563,above_0.5
488,Urochloa subquadripara,5,0.631636475243,above_0.5
489,Tribulus cistoides,4,0.632679406958,above_0.5
490,Panicum mindanaense,4,0.633312807882,above_0.5
491,Thespesia populneoides,4,0.633890950653,above_0.5
492,Brachyscome ciliaris,4,0.634007182576,above_0.5
493,Chrysopogon fallax,5,0.635158730159,above_0.5
494,Ixora timorensis,3,0.635196158459,above_0.5
495,Aglaia elaeagnoidea,4,0.635209119017,above_0.5
496,Evolvulus alsinoides,5,0.635400864836,above_0.5
497,Philydrum lanuginosum,5,0.635636062205,above_0.5
498,Grewia retusifolia,4,0.636688311688,above_0.5
499,Breynia cernua,4,0.636996779388,above_0.5
500,Mesosphaerum suaveolens,4,0.637209145022,above_0.5
501,Schoenus sparteus,2,0.638104838710,above_0.5
502,Tephrosia spec.,5,0.638482841394,above_0.5
503,Plumbago zeylanica,4,0.639698301257,above_0.5
504,Enneapogon pallidus,3,0.640369209335,above_0.5
505,Josephinia imperatricis,3,0.641151813377,above_0.5
506,Malva weinmanniana,5,0.641397772399,above_0.5
507,Asplenium decurrens,3,0.641867391867,above_0.5
508,Carex appressa,5,0.641884711779,above_0.5
509,Santalum lanceolatum,4,0.642095825274,above_0.5
510,Gyrocarpus americanus,4,0.642240800430,above_0.5
511,Ipomoea eriocarpa,3,0.642287784679,above_0.5
512,Ficus platypoda,5,0.642619047619,above_0.5
513,Achyranthes aspera,5,0.642851370851,above_0.5
514,Dracaena angustifolia,2,0.642857142857,above_0.5
515,Polycarpaea corymbosa,3,0.643055555556,above_0.5
516,Vincetoxicum carnosum,5,0.643424375998,above_0.5
517,Mimusops elengi,4,0.643474990178,above_0.5
518,Capparis lucida,3,0.643817636344,above_0.5
519,Lilaeopsis polyantha,5,0.643884582257,above_0.5
520,Olearia ramulosa,5,0.643972609636,above_0.5
521,Frankenia pauciflora,5,0.645035321372,above_0.5
522,Austrostipa stipoides,5,0.645081028448,above_0.5
523,Microtis unifolia,4,0.645731959979,above_0.5
524,Pandanus tectorius,4,0.645859440267,above_0.5
525,Schoenus nitens,4,0.646288029101,above_0.5
526,Drynaria rigidula,3,0.646336553945,above_0.5
527,Pterostylis nana,4,0.647578347578,above_0.5
528,Chrysocephalum apiculatum,5,0.648125996810,above_0.5
529,Vitex acuminata,4,0.648134157509,above_0.5
530,Amperea xiphoclada,4,0.648989898990,above_0.5
531,Wollastonia biflora,4,0.649596533629,above_0.5
532,Vitex rotundifolia,4,0.649940987869,above_0.5
533,Fimbristylis polytrichoides,5,0.651024910378,above_0.5
534,Eriachne ciliata,4,0.651041666667,above_0.5
535,Thuarea involuta,3,0.651083956398,above_0.5
536,Colubrina asiatica,3,0.651181897371,above_0.5
537,Petalostigma pubescens,5,0.651251429038,above_0.5
538,Cullen badocanum,5,0.651681678591,above_0.5
539,Terminalia muelleri,3,0.652182153723,above_0.5
540,Dichelachne crinita,5,0.652206572770,above_0.5
541,Corymbia disjuncta,3,0.652298850575,above_0.5
542,Phragmites australis,4,0.652828652829,above_0.5
543,Hibbertia oblongata,2,0.653225806452,above_0.5
544,Pterostylis nutans,4,0.653323187048,above_0.5
545,Pittosporum phillyreoides,4,0.653494623656,above_0.5
546,Heteropogon contortus,5,0.653514066852,above_0.5
547,Breynia oblongifolia,4,0.653612531969,above_0.5
548,Triglochin calcitrapa,1,0.653846153846,above_0.5
549,Leptecophylla juniperina,4,0.654867974443,above_0.5
550,Selliera radicans,4,0.654869595865,above_0.5
551,Pellaea falcata,4,0.654875621891,above_0.5
552,Distimake quinatus,4,0.655338541667,above_0.5
553,Einadia nutans,4,0.656031020132,above_0.5
554,Fimbristylis spec.,4,0.656037058279,above_0.5
555,Cotula cotuloides,3,0.656105588821,above_0.5
556,Dendrophthoe glabrescens,3,0.656250000000,above_0.5
557,Asparagus racemosus,4,0.658244716651,above_0.5
558,Eremophila glabra,4,0.658431372549,above_0.5
559,Distichlis distichophylla,5,0.658701409425,above_0.5
560,Premna serratifolia,3,0.658927303409,above_0.5
561,Rubus anglocandicans,3,0.660984848485,above_0.5
562,Melaleuca ericifolia,4,0.661428697873,above_0.5
563,Juncus planifolius,4,0.661485444380,above_0.5
564,Spermacoce spec.,4,0.661799771850,above_0.5
565,Cayratia acris,3,0.662344690650,above_0.5
566,Fimbristylis schultzii,4,0.662916666667,above_0.5
567,Drynaria quercifolia,2,0.664130434783,above_0.5
568,Ficus obliqua,4,0.664176587302,above_0.5
569,Amaranthus interruptus,5,0.664383566842,above_0.5
570,Suriana maritima,3,0.664791267111,above_0.5
571,Sophora tomentosa,4,0.665633926890,above_0.5
572,Themeda triandra,5,0.665719068667,above_0.5
573,Crotalaria retusa,4,0.666177541178,above_0.5
574,Eustrephus latifolius,4,0.666666666667,above_0.5
575,Senecio linearifolius,4,0.667725630572,above_0.5
576,Crassula sieberiana,5,0.668949374278,above_0.5
577,Semecarpus australiensis,2,0.669354838710,above_0.5
578,Glycine tomentella,4,0.669578844427,above_0.5
579,Grewia oxyphylla,4,0.669791666667,above_0.5
580,Excoecaria agallocha,4,0.670027338109,above_0.5
581,Stylidium graminifolium,4,0.670033242337,above_0.5
582,Brachyscome iberidifolia,3,0.670103092784,above_0.5
583,Brachyscome diversifolia,4,0.670105820106,above_0.5
584,Leichhardtia rostrata,2,0.670454545455,above_0.5
585,Ampelocissus acetosa,4,0.670852263775,above_0.5
586,Acacia melanoxylon,4,0.671093750000,above_0.5
587,Bridelia tomentosa,4,0.671410183066,above_0.5
588,Cotula vulgaris,4,0.671448056116,above_0.5
589,Casuarina equisetifolia,4,0.671771256784,above_0.5
590,Abrus precatorius,5,0.672257889923,above_0.5
591,Scleranthus pungens,3,0.672280701754,above_0.5
592,Senecio minimus,5,0.673134759977,above_0.5
593,Roepera fruticulosa,3,0.673333333333,above_0.5
594,Trema tomentosa,5,0.674067460317,above_0.5
595,Utricularia chrysantha,4,0.674176929392,above_0.5
596,Acacia suaveolens,5,0.674408924409,above_0.5
597,Cyrtostylis reniformis,4,0.674718012418,above_0.5
598,Rhagodia preissii,4,0.675054112554,above_0.5
599,Acacia verticillata,4,0.675176711310,above_0.5
600,Calandrinia granulifera,4,0.675353925354,above_0.5
601,Lophostemon grandiflorus,3,0.675499955161,above_0.5
602,Bombax ceiba,4,0.677498812228,above_0.5
603,Aegialitis annulata,5,0.677584194797,above_0.5
604,Ficus aculeata,4,0.677767857143,above_0.5
605,Persoonia falcata,4,0.678038542885,above_0.5
606,Osbornia octodonta,4,0.678162931839,above_0.5
607,Acacia rostellifera,2,0.678571428571,above_0.5
608,Exocarpos latifolius,5,0.679662010596,above_0.5
609,Parietaria cardiostegia,2,0.680555555556,above_0.5
610,Anthocercis viscosa,1,0.681818181818,above_0.5
611,Epacris impressa,4,0.682161214953,above_0.5
612,Tephrosia brachyodon,4,0.682680014990,above_0.5
613,Gymnanthera oblonga,4,0.683933332134,above_0.5
614,Tacca leontopetaloides,4,0.684034577192,above_0.5
615,Gonocarpus leptothecus,4,0.684057971014,above_0.5
616,Malaisia scandens,5,0.684150906853,above_0.5
617,Ischaemum australe,5,0.684454844007,above_0.5
618,Cansjera leptostachya,4,0.684616306134,above_0.5
619,Leptospermum scoparium,4,0.685172915320,above_0.5
620,Ficus brachypoda,4,0.685956790123,above_0.5
621,Garuga floribunda,4,0.686520227560,above_0.5
622,Olearia phlogopappa,4,0.686824077457,above_0.5
623,Lepturus repens,4,0.687111801242,above_0.5
624,Cochlospermum gillivraei,3,0.688140279784,above_0.5
625,Dioscorea transversa,5,0.688980967577,above_0.5
626,Premna acuminata,4,0.689067296340,above_0.5
627,Acacia myrtifolia,3,0.689668174962,above_0.5
628,Notelaea longifolia,3,0.689958592133,above_0.5
629,Cheilanthes caudata,2,0.690000000000,above_0.5
630,Corymbia cadophora,2,0.690000000000,above_0.5
631,Ptilotus villosiflorus,3,0.690602836879,above_0.5
632,Diplocyclos palmatus,3,0.690796485261,above_0.5
633,Vincetoxicum flexuosum,4,0.692030332959,above_0.5
634,Wrightia saligna,2,0.692307692308,above_0.5
635,Sorghum plumosum,5,0.694366744367,above_0.5
636,Eremophila deserti,3,0.694727891156,above_0.5
637,Eleocharis geniculata,5,0.695367647059,above_0.5
638,Harrisonia brownii,4,0.695648604269,above_0.5
639,Gomphrena canescens,3,0.696248196248,above_0.5
640,Murraya paniculata,5,0.696249059877,above_0.5
641,Causonis trifolia,4,0.696728862876,above_0.5
642,Zealandia pustulata,4,0.697872899160,above_0.5
643,Oplismenus hirtellus,4,0.697965116279,above_0.5
644,Sesbania cannabina,4,0.698724376114,above_0.5
645,Clerodendrum floribundum,5,0.699075468255,above_0.5
646,Tabernaemontana orientalis,4,0.699106083856,above_0.5
647,Syzygium smithii,3,0.700100553042,above_0.5
648,Pandanus spiralis,4,0.702347194859,above_0.5
649,Callicarpa candicans,4,0.703091613248,above_0.5
650,Gompholobium subulatum,3,0.703962703963,above_0.5
651,Vigna radiata,5,0.705279698135,above_0.5
652,Pomaderris apetala,4,0.706459948320,above_0.5
653,Anisomeles inodora,4,0.706536891017,above_0.5
654,Planchonella obovata,3,0.706906596935,above_0.5
655,Antidesma ghaesembilla,4,0.708205166225,above_0.5
656,Celtis philippensis,4,0.708485772358,above_0.5
657,Mnesithea rottboellioides,4,0.709694905280,above_0.5
658,Sersalisia sericea,4,0.710213076022,above_0.5
659,Acacia plectocarpa,4,0.711336996337,above_0.5
660,Aotus ericoides,4,0.711767831838,above_0.5
661,Byblis liniflora,3,0.712668076339,above_0.5
662,Terminalia canescens,4,0.713834776335,above_0.5
663,Timonius timon,5,0.714589076701,above_0.5
664,Corchorus sidoides,5,0.715333333333,above_0.5
665,Planchonia careya,5,0.716263931104,above_0.5
666,Cassytha capillaris,3,0.716352934644,above_0.5
667,Grewia breviflora,4,0.717614206827,above_0.5
668,Banksia marginata,4,0.718811435125,above_0.5
669,Nitraria billardierei,5,0.719057917279,above_0.5
670,Dianella caerulea,4,0.719156167109,above_0.5
671,Dillwynia glaberrima,4,0.719161184211,above_0.5
672,Cartonema spicatum,4,0.719259259259,above_0.5
673,Phyllanthus maderaspatensis,4,0.719403536079,above_0.5
674,Podolepis rugata,3,0.719579621816,above_0.5
675,Rhizophora stylosa,4,0.721057369391,above_0.5
676,Diospyros humilis,3,0.721295835407,above_0.5
677,Boerhavia dominii,4,0.722064393939,above_0.5
678,Acanthocarpus preissii,4,0.722095585083,above_0.5
679,Scaevola taccada,4,0.722297550988,above_0.5
680,Crassula decumbens,4,0.724521520147,above_0.5
681,Eucalyptus globulus,2,0.724568965517,above_0.5
682,Astroloma humifusum,2,0.725000000000,above_0.5
683,Allocasuarina monilifera,3,0.725115740741,above_0.5
684,Cyperus conicus,5,0.725218357854,above_0.5
685,Galium australe,4,0.726548672566,above_0.5
686,Commelina undulata,3,0.727741935484,above_0.5
687,Cymbopogon bombycinus,5,0.727772050660,above_0.5
688,Geranium potentilloides,3,0.727777777778,above_0.5
689,Tephrosia laxa,3,0.728785103785,above_0.5
690,Stenocarpus acacioides,4,0.729563492063,above_0.5
691,Geijera linearifolia,2,0.729838709677,above_0.5
692,Einadia hastata,2,0.730113636364,above_0.5
693,Monotoca elliptica,4,0.730158750619,above_0.5
694,Austrostipa eremophila,2,0.731150793651,above_0.5
695,Hypolaena fastigiata,3,0.731381733021,above_0.5
696,Acaena novae-zelandiae,5,0.731580120086,above_0.5
697,Trichodesma zeylanicum,4,0.732051282051,above_0.5
698,Aristida holathera,5,0.733445673299,above_0.5
699,Sambucus gaudichaudiana,4,0.733814171314,above_0.5
700,Ludwigia octovalvis,5,0.733825757576,above_0.5
701,Jasminum molle,3,0.734126984127,above_0.5
702,Scleranthus biflorus,2,0.736111111111,above_0.5
703,Senecio biserratus,5,0.737756703728,above_0.5
704,Gonocarpus teucrioides,3,0.738034188034,above_0.5
705,Cyperus gracilis,4,0.738657407407,above_0.5
706,Dianella tasmanica,3,0.744444444444,above_0.5
707,Dicksonia antarctica,3,0.744444444444,above_0.5
708,Commelina cyanea,4,0.745272435897,above_0.5
709,Ptilotus conicus,3,0.745625000000,above_0.5
710,Ozothamnus turbinatus,4,0.747025490038,above_0.5
711,Buchanania obovata,3,0.747354497354,above_0.5
712,Plectranthus parviflorus,3,0.749126984127,above_0.5
713,Afrohybanthus aurantiacus,4,0.750000000000,above_0.5
714,Eragrostis dielsii,2,0.750000000000,above_0.5
715,Eurychorda complanata,2,0.750000000000,above_0.5
716,Pimelea microcephala,2,0.750000000000,above_0.5
717,Roepera similis,2,0.750000000000,above_0.5
718,Terminalia ferdinandiana,3,0.750000000000,above_0.5
719,Melhania oblongifolia,5,0.753370085514,above_0.5
720,Acacia holosericea,4,0.753390088173,above_0.5
721,Nicotiana occidentalis,4,0.753905597327,above_0.5
722,Trichosanthes cucumerina,3,0.754059829060,above_0.5
723,Oldenlandia galioides,4,0.754735644258,above_0.5
724,Mallotus nesophilus,5,0.755370967742,above_0.5
725,Cyperus microcephalus,4,0.756414473684,above_0.5
726,Carpobrotus glaucescens,4,0.756994047619,above_0.5
727,Hydrocotyle sibthorpioides,4,0.757195340502,above_0.5
728,Vitex glabrata,4,0.762848932677,above_0.5
729,Acacia mucronata,4,0.763888888889,above_0.5
730,Stephania japonica,4,0.766566001401,above_0.5
731,Exocarpos strictus,1,0.766666666667,above_0.5
732,Drosera peltata,3,0.767752715121,above_0.5
733,Cochlospermum fraseri,4,0.769642857143,above_0.5
734,Vigna lanceolata,4,0.770833333333,above_0.5
735,Lepidosperma concavum,4,0.772798742138,above_0.5
736,Schoenus apogon,4,0.774891254579,above_0.5
737,Hibiscus geranioides,4,0.775883256528,above_0.5
738,Arivela tetrandra,3,0.777652851264,above_0.5
739,Tacca maculata,2,0.778985507246,above_0.5
740,Ozothamnus ferrugineus,4,0.779139610390,above_0.5
741,Pluchea rubelliflora,4,0.781250000000,above_0.5
742,Denhamia obscura,4,0.781527777778,above_0.5
743,Hibiscus leptocladus,4,0.782227032227,above_0.5
744,Corymbia tessellaris,4,0.785256410256,above_0.5
745,Lepidium lyratogynum,3,0.785714285714,above_0.5
746,Corymbia polycarpa,4,0.787067099567,above_0.5
747,Manilkara kauki,3,0.787158796573,above_0.5
748,Acacia gonocarpa,4,0.787202380952,above_0.5
749,Xanthostemon paradoxus,4,0.787220843672,above_0.5
750,Euphorbia chamissonis,3,0.790877221462,above_0.5
751,Pterocaulon serrulatum,4,0.791369047619,above_0.5
752,Cyperus aquatilis,5,0.791599053414,above_0.5
753,Diospyros hebecarpa,1,0.791666666667,above_0.5
754,Boerhavia fistulosa,3,0.795010674835,above_0.5
755,Croton habrophyllus,4,0.795194892473,above_0.5
756,Correa alba,5,0.795224596249,above_0.5
757,Nicotiana rotundifolia,3,0.795751633987,above_0.5
758,Neptunia gracilis,4,0.796653125457,above_0.5
759,Ludwigia perennis,4,0.799621212121,above_0.5
760,Euphorbia drummondii,1,0.800000000000,above_0.5
761,Eucalyptus miniata,4,0.800864624506,above_0.5
762,Pittosporum undulatum,3,0.803884711779,above_0.5
763,Erythrophleum chlorostachys,4,0.803929765886,above_0.5
764,Polystichum proliferum,2,0.804259634888,above_0.5
765,Kennedia rubicunda,3,0.804924242424,above_0.5
766,Brachychiton diversifolius,4,0.805654761905,above_0.5
767,Myoporum boninense,4,0.805893759019,above_0.5
768,Dolichandrone heterophylla,4,0.806788793103,above_0.5
769,Strychnos lucida,4,0.807738095238,above_0.5
770,Lagenophora stipitata,3,0.808045977011,above_0.5
771,Triodia microstachya,4,0.808442265795,above_0.5
772,Terminalia carpentariae,2,0.809475806452,above_0.5
773,Tarenna pentamera,4,0.811699507389,above_0.5
774,Dendrophthoe acacioides,2,0.812500000000,above_0.5
775,Atriplex muelleri,2,0.813725490196,above_0.5
776,Rumohra adiantiformis,3,0.813915012191,above_0.5
777,Hakea arborescens,4,0.814467766117,above_0.5
778,Microstachys chamaelea,4,0.815595238095,above_0.5
779,Stemodia lythrifolia,4,0.818046536797,above_0.5
780,Canavalia papuana,4,0.821300673634,above_0.5
781,Drosera auriculata,3,0.822222222222,above_0.5
782,Calytrix exstipulata,4,0.823484848485,above_0.5
783,Sorghum stipoideum,3,0.826388888889,above_0.5
784,Cyclophyllum maritimum,1,0.827586206897,above_0.5
785,Coprosma quadrifida,3,0.828282828283,above_0.5
786,Banksia integrifolia,3,0.832724609561,above_0.5
787,Commelina diffusa,3,0.833333333333,above_0.5
788,Eucalyptus viminalis,3,0.833333333333,above_0.5
789,Colobanthus apetalus,4,0.833593750000,above_0.5
790,Leucopogon ericoides,3,0.835485606672,above_0.5
791,Erythrina insularis,1,0.838709677419,above_0.5
792,Adenia heterophylla,4,0.838850732601,above_0.5
793,Dicliptera armata,3,0.839788359788,above_0.5
794,Acacia tumida,2,0.846250000000,above_0.5
795,Grevillea agrifolia,3,0.846957671958,above_0.5
796,Grevillea heliosperma,2,0.852777777778,above_0.5
797,Carex thecata,1,0.854166666667,above_0.5
798,Dodonaea hispidula,4,0.855263157895,above_0.5
799,Tephrosia phaeosperma,3,0.856250224764,above_0.5
800,Gymnosporia inermis,1,0.857142857143,above_0.5
801,Boronia wilsonii,2,0.861111111111,above_0.5
802,Templetonia hookeri,2,0.861111111111,above_0.5
803,Corymbia confertiflora,2,0.863756613757,above_0.5
804,Trachymene didiscoides,2,0.866666666667,above_0.5
805,Abutilon cunninghamii,2,0.875000000000,above_0.5
806,Pavetta kimberleyana,3,0.879093129093,above_0.5
807,Rhizophora apiculata,2,0.880952380952,above_0.5
808,Adansonia gregorii,3,0.881521739130,above_0.5
809,Secamone timorensis,3,0.883357279693,above_0.5
810,Buchnera asperata,3,0.890831964970,above_0.5
811,Eriachne sulcata,3,0.891287878788,above_0.5
812,Senecio glomeratus,3,0.898706896552,above_0.5
813,Cassinia aculeata,3,0.899719887955,above_0.5
814,Pittosporum bicolor,1,0.900000000000,above_0.5
815,Ficus atricha,3,0.901709401709,above_0.5
816,Corymbia greeniana,3,0.902777777778,above_0.5
817,Acacia stigmatophylla,3,0.903071083506,above_0.5
818,Glycosmis macrophylla,3,0.905193236715,above_0.5
819,Ptilotus giganteus,3,0.906160968661,above_0.5
820,Triodia bitextura,3,0.906400208986,above_0.5
821,Senna goniodes,1,0.913043478261,above_0.5
822,Lepidium puberulum,3,0.918803418803,above_0.5
823,Petalostigma quadriloculare,2,0.919354838710,above_0.5
824,Grevillea refracta,3,0.921805555556,above_0.5
825,Boronia anemonifolia,3,0.927083333333,above_0.5
826,Tasmannia lanceolata,1,0.928571428571,above_0.5
827,Triodia bynoei,3,0.929487179487,above_0.5
828,Cenchrus elymoides,3,0.933468013468,above_0.5
829,Eryngium vesiculosum,1,0.937500000000,above_0.5
830,Calytrix brownii,2,0.938172043011,above_0.5
831,Acacia retinervis,3,0.950396825397,above_0.5
832,Westringia fruticosa,2,0.967267706303,above_0.5
833,Acacia aulacocarpa,1,0.967741935484,above_0.5
834,Corymbia ferruginea,2,0.978260869565,above_0.5
835,Drymophila cyanocarpa,2,0.990740740741,above_0.5
836,Acaena pallida,2,1.000000000000,above_0.5
837,Austrostipa crinita,1,1.000000000000,above_0.5
838,Blechnum wattsii,2,1.000000000000,above_0.5
839,Diplolaena grandiflora,1,1.000000000000,above_0.5
840,Gahnia grandis,2,1.000000000000,above_0.5
841,Leptospermum glaucescens,1,1.000000000000,above_0.5
842,Melaleuca squarrosa,2,1.000000000000,above_0.5
843,Monotoca glauca,2,1.000000000000,above_0.5
844,Proiphys amboinensis,2,1.000000000000,above_0.5
845,Rhagodia latifolia,1,1.000000000000,above_0.5
