layer,terminal_stage,count
transport,source_transport,4
transport,bounded_archive_transport,1
transport,response_blind_archive_range_transport,1
transport,response_blind_zip_presign_transport,1
transport,source_transport_dns,1
identity_registry,publication_registry_reproduction,3
identity_registry,metadata_identity_or_transport,2
identity_registry,metadata_identity_or_interface,1
identity_registry,geometry_registry,2
identity_registry,response_independent_geometry_registry,1
separation_linkage,physical_source_separation,2
separation_linkage,response_linkage,2
separation_linkage,response_blind_zip_inventory,1
separation_linkage,response_blind_physical_header_schema,1
separation_linkage,response_header,1
separation_linkage,full_response_schema_or_linkage,1
semantics_time,temporal_registry,2
semantics_time,response_independent_calendar_value,1
semantics_time,response_independent_baseline_covariate_value,1
semantics_time,surveyed_negative_semantics,1
estimability,temporal_context_estimability,1
