species,estimable_folds,conditional_concordance
Abrus precatorius,5,0.6722578899234118
Abutilon cunninghamii,2,0.875
Abutilon indicum,5,0.5805391487252054
Acacia aulacocarpa,1,0.967741935483871
Acacia auriculiformis,1,0.5
Acacia cyclops,3,0.4843915343915344
Acacia gonocarpa,4,0.7872023809523809
Acacia holosericea,4,0.7533900881726968
Acacia humifusa,2,0.6098484848484849
Acacia leptocarpa,4,0.3616822002923976
Acacia ligulata,4,0.4786628251998271
Acacia longifolia,5,0.5878523330247838
Acacia melanoxylon,4,0.67109375
Acacia mucronata,4,0.7638888888888888
Acacia multisiliqua,2,0.5
Acacia myrtifolia,3,0.6896681749622925
Acacia oncinocarpa,0,
Acacia plectocarpa,4,0.7113369963369963
Acacia retinervis,3,0.9503968253968255
Acacia rostellifera,2,0.6785714285714286
Acacia saligna,2,0.4642857142857143
Acacia spec.,4,0.41062291434927695
Acacia stigmatophylla,3,0.9030710835058661
Acacia suaveolens,5,0.6744089244089244
Acacia torulosa,0,
Acacia tumida,2,0.84625
Acacia verticillata,4,0.6751767113095238
Acacia yirrkallensis,0,
Acaena novae-zelandiae,5,0.731580120086312
Acaena pallida,2,1.0
Acanthocarpus preissii,4,0.7220955850825022
Achyranthes aspera,5,0.6428513708513708
Acrostichum speciosum,3,0.47330447330447334
Actites megalocarpus,5,0.45729225722010974
Adansonia gregorii,3,0.8815217391304347
Adenia heterophylla,4,0.8388507326007326
Adiantum aethiopicum,4,0.36710526315789477
Aegialitis annulata,5,0.6775841947973096
Aegiceras corniculatum,4,0.5078605276639344
Afrohybanthus aurantiacus,4,0.75
Afrohybanthus enneaspermus,5,0.5734446640316205
Agave sisalana,4,0.6004464285714286
Aglaia brownii,2,0.5
Aglaia elaeagnoidea,4,0.6352091190171593
Agonis flexuosa,0,
Aidia racemosa,4,0.6056558087605489
Allocasuarina littoralis,4,0.541735347985348
Allocasuarina monilifera,3,0.7251157407407408
Allocasuarina verticillata,4,0.4735761544305856
Alloteropsis semialata,5,0.5876070314489432
Alphitonia excelsa,4,0.6228890973730989
Alyxia buxifolia,5,0.5439893157590084
Alyxia spicata,4,0.5067471590909092
Amaranthus interruptus,5,0.6643835668422411
Amaranthus undulatus,5,0.4394418544418544
Ampelocissus acetosa,4,0.6708522637752058
Amperea xiphoclada,4,0.648989898989899
Amyema benthamii,2,0.42592592592592593
Andersonia sprengelioides,1,0.5
Angianthus preissianus,3,0.4671785990202821
Anisomeles inodora,4,0.706536891016615
Anthobolus filifolius,0,
Anthocercis viscosa,1,0.6818181818181818
Anthosachne scabra,4,0.5842809539523836
Antiaris toxicaria,2,0.425414364640884
Antidesma ghaesembilla,4,0.7082051662247446
Aotus ericoides,4,0.7117678318375059
Apalochlamys spectabilis,4,0.5013174875978949
Apium annuum,4,0.51577766478932
Apium insulare,2,0.3989480913823019
Apium prostratum,5,0.5086925349069606
Argusia argentea,3,0.623036442294593
Aristida holathera,5,0.7334456732989951
Arivela tetrandra,3,0.7776528512639623
Arivela viscosa,5,0.6315622308713434
Asparagus racemosus,4,0.6582447166509625
Asplenium decurrens,3,0.6418673918673918
Asplenium flabellifolium,4,0.4103513356562137
Asplenium obtusatum,5,0.6028574764817272
Astartea fascicularis,0,
Asteridea nivea,1,0.5
Asteromyrtus symphyocarpa,1,0.5
Astroloma humifusum,2,0.725
Atriplex cinerea,5,0.49956918487332286
Atriplex hypoleuca,0,
Atriplex isatidea,3,0.603461005999077
Atriplex muelleri,2,0.8137254901960784
Atriplex paludosa,5,0.5877618273417156
Atriplex spec.,4,0.5564278360391619
Atriplex suberecta,1,0.41304347826086957
Austrostipa crinita,1,1.0
Austrostipa elegantissima,5,0.5999749902973799
Austrostipa eremophila,2,0.7311507936507937
Austrostipa flavescens,5,0.5173970148516076
Austrostipa stipoides,5,0.6450810284478912
Avicennia marina,5,0.5108168319470432
Banksia dentata,4,0.5263839119508563
Banksia integrifolia,3,0.8327246095607678
Banksia marginata,4,0.7188114351245084
Bauhinia binata,3,0.5875409069658719
Bellardia viscosa,1,0.5192307692307693
Beyeria lechenaultii,4,0.41183000113921164
Beyeria viscosa,4,0.46577380952380953
Blechnum wattsii,2,1.0
Blumea saxatilis,4,0.6076788124156545
Boerhavia albiflora,3,0.512144609924119
Boerhavia coccinea,4,0.3865271369596892
Boerhavia dominii,4,0.7220643939393939
Boerhavia fistulosa,3,0.7950106748352362
Boerhavia mutabilis,4,0.48431318392255895
Boerhavia spec.,3,0.4973406154065824
Bombax ceiba,4,0.6774988122276815
Boronia alata,1,0.5
Boronia anemonifolia,3,0.9270833333333334
Boronia wilsonii,2,0.8611111111111112
Bossiaea bossiaeoides,1,0.5
Bothriochloa bladhii,2,0.5
Brachychiton diversifolius,4,0.8056547619047619
Brachychiton paradoxus,0,
Brachyscome ciliaris,4,0.6340071825764597
Brachyscome diversifolia,4,0.6701058201058202
Brachyscome iberidifolia,3,0.6701030927835051
Breynia cernua,4,0.6369967793880839
Breynia oblongifolia,4,0.6536125319693095
Bridelia tomentosa,4,0.6714101830663616
Bromus arenarius,5,0.5221369461797313
Brucea javanica,4,0.5310261643321108
Bruguiera exaristata,4,0.5758078937789806
Bruguiera gymnorhiza,4,0.6242211838006231
Buchanania arborescens,3,0.6079032258064516
Buchanania obovata,3,0.7473544973544973
Buchnera asperata,3,0.890831964969896
Bulbine semibarbata,5,0.5842909876925001
Bulbostylis barbata,5,0.5222632872388194
Bursaria spinosa,5,0.6146305418719211
Byblis liniflora,3,0.7126680763391889
Caesalpinia bonduc,4,0.5306036931818181
Cajanus reticulatus,2,0.6125
Caladenia latifolia,4,0.5591047943654098
Calamagrostis arenaria,5,0.5633510759490602
Calandrinia calyptrata,5,0.5720459108989685
Calandrinia granulifera,4,0.6753539253539254
Calandrinia polyandra,1,0.22916666666666666
Calandrinia spec.,5,0.4780976220275345
Callicarpa candicans,4,0.7030916132478633
Callitris rhomboidea,3,0.43948863636363633
Calophyllum inophyllum,4,0.5731704059829059
Calophyllum sil,3,0.5071942446043165
Calytrix brownii,2,0.9381720430107527
Calytrix exstipulata,4,0.8234848484848485
Calytrix tetragona,5,0.6101296492410384
Canarium australianum,4,0.5771402423630397
Canavalia papuana,4,0.8213006736338816
Canavalia rosea,5,0.5729990848794037
Cansjera leptostachya,4,0.6846163061336253
Canthium spec.,1,0.5
Capparis lucida,3,0.6438176363441551
Capparis quiniflora,4,0.6111176236992897
Capparis sepiaria,4,0.4662002294938129
Capparis spec.,4,0.5151845900139631
Capparis spinosa,5,0.5490944657846066
Carallia brachiata,3,0.5067162497182781
Carex appressa,5,0.6418847117794486
Carex pumila,4,0.5355167426367461
Carex thecata,1,0.8541666666666666
Carpobrotus glaucescens,4,0.7569940476190475
Carpobrotus rossii,5,0.5791035862499829
Carpobrotus virescens,3,0.6044684438626403
Cartonema spicatum,4,0.7192592592592593
Cassinia aculeata,3,0.8997198879551821
Cassytha capillaris,3,0.7163529346437891
Cassytha filiformis,5,0.6054668796116165
Cassytha glabella,4,0.6020410628019324
Cassytha pubescens,5,0.4721089204912734
Cassytha racemosa,0,
Cassytha spec.,1,0.5
Casuarina equisetifolia,4,0.6717712567835977
Casuarina obesa,0,
Cathormion umbellatum,4,0.6012902272553954
Causonis trifolia,4,0.6967288628760455
Cayratia acris,3,0.6623446906502745
Celtis paniculata,4,0.5677148389598983
Celtis philippensis,4,0.7084857723577236
Cenchrus elymoides,3,0.9334680134680134
Centrolepis polygyna,4,0.5024957540998324
Centrolepis strigosa,5,0.5066425672751906
Ceriops tagal,4,0.5601839694211017
Chamaecrista absus,4,0.5694064286708722
Cheilanthes austrotenuifolia,4,0.5079284750337382
Cheilanthes caudata,2,0.69
Cheilanthes tenuifolia,4,0.33225369458128073
Chenopodium glaucum,5,0.5664728394227955
Chionanthus ramiflorus,3,0.3219373219373219
Chrysocephalum apiculatum,5,0.6481259968102073
Chrysopogon elongatus,0,
Chrysopogon fallax,5,0.6351587301587301
Cissus adnata,3,0.6315628815628815
Clematis microphylla,5,0.5670793435746242
Clerodendrum costatum,1,0.5
Clerodendrum floribundum,5,0.6990754682554841
Clerodendrum inerme,4,0.5766056991571261
Cochlospermum fraseri,4,0.7696428571428572
Cochlospermum gillivraei,3,0.6881402797838763
Cocos nucifera,3,0.5320916503647207
Colobanthus apetalus,4,0.83359375
Colubrina asiatica,3,0.6511818973709218
Comesperma integerrimum,0,
Comesperma secundum,1,0.5
Comesperma volubile,5,0.5698462077138549
Commelina cyanea,4,0.7452724358974359
Commelina diffusa,3,0.8333333333333334
Commelina ensifolia,5,0.5935530462184874
Commelina undulata,3,0.7277419354838709
Commicarpus australis,3,0.5577449370552819
Convolvulus erubescens,4,0.502046783625731
Coprosma quadrifida,3,0.8282828282828283
Corchorus aestuans,4,0.607569737133984
Corchorus sidoides,5,0.7153333333333334
Cordia dichotoma,3,0.5370370370370371
Cordia subcordata,5,0.5856845503968964
Correa alba,5,0.7952245962490686
Correa backhouseana,4,0.5838326830174656
Correa reflexa,4,0.5037221401876236
Corymbia cadophora,2,0.69
Corymbia confertiflora,2,0.8637566137566137
Corymbia disjuncta,3,0.6522988505747126
Corymbia ferruginea,2,0.9782608695652174
Corymbia greeniana,3,0.9027777777777777
Corymbia polycarpa,4,0.7870670995670995
Corymbia polysciada,0,
Corymbia tessellaris,4,0.7852564102564104
Corynotheca micrantha,2,0.32954545454545453
Cotula australis,5,0.4297149915444033
Cotula cotuloides,3,0.6561055888213932
Cotula vulgaris,4,0.6714480561158995
Crassula colorata,5,0.6072967792319257
Crassula decumbens,4,0.7245215201465202
Crassula exserta,3,0.6104027524792552
Crassula sieberiana,5,0.6689493742777487
Crassula tetramera,3,0.619360902255639
Crinum arenarium,3,0.5135327635327636
Crinum pedunculatum,4,0.4218566259611036
Crotalaria medicaginea,5,0.5279826858268626
Crotalaria montana,4,0.5180712962442502
Crotalaria retusa,4,0.6661775411775411
Croton arnhemicus,3,0.5740607923497268
Croton habrophyllus,4,0.7951948924731183
Cryptocarya cunninghamii,3,0.47753367939686076
Cucumis althaeoides,5,0.6006026307172111
Cullen badocanum,5,0.6516816785909477
Cupaniopsis anacardioides,4,0.5170988446726572
Cyanthillium cinereum,5,0.6292488270031954
Cyathea australis,4,0.5612898284313725
Cyclophyllum coprosmoides,3,0.5837486157253599
Cyclophyllum maritimum,1,0.8275862068965517
Cymbopogon ambiguus,5,0.5475684981925772
Cymbopogon bombycinus,5,0.7277720506604436
Cymbopogon refractus,4,0.523090644820296
Cynanchum viminale,5,0.4646363392933215
Cynodon dactylon,5,0.44518965310577635
Cyperus aquatilis,5,0.7915990534144692
Cyperus conicus,5,0.72521835785404
Cyperus gracilis,4,0.7386574074074075
Cyperus javanicus,4,0.5744810096720925
Cyperus microcephalus,4,0.7564144736842106
Cyperus pedunculatus,3,0.4941251059672112
Cyperus polystachyos,4,0.48235323405950303
Cyperus stolonifer,2,0.3653846153846154
Cyrtostylis reniformis,4,0.6747180124180957
Dapsilanthus spathaceus,1,0.5
Daucus glochidiatus,5,0.5634629621859778
Dendrobium discolor,3,0.6035508935508935
Dendrophthoe acacioides,2,0.8125
Dendrophthoe glabrescens,3,0.65625
Denhamia obscura,4,0.7815277777777778
Derris trifoliata,3,0.2974649859943978
Dianella brevicaulis,3,0.5183879938626773
Dianella caerulea,4,0.7191561671087533
Dianella revoluta,5,0.4983974991274014
Dianella tasmanica,3,0.7444444444444445
Dichelachne crinita,5,0.6522065727699531
Dichondra repens,5,0.5107982631124202
Dicksonia antarctica,3,0.7444444444444445
Dicliptera armata,3,0.8397883597883599
Digitaria bicornis,4,0.4907407407407407
Digitaria ctenantha,4,0.5816658223573118
Dillwynia glaberrima,4,0.7191611842105263
Dioscorea bulbifera,5,0.4947186147186147
Dioscorea transversa,5,0.6889809675766001
Diospyros compacta,3,0.5194582306306337
Diospyros hebecarpa,1,0.7916666666666666
Diospyros humilis,3,0.7212958354073337
Diospyros maritima,4,0.5986010619675575
Diplocyclos palmatus,3,0.690796485260771
Diplolaena dampieri,1,0.5
Diplolaena grandiflora,1,1.0
Disphyma crassifolium,5,0.4847219109129145
Dissocarpus biflorus,1,0.5508474576271186
Distichlis distichophylla,5,0.6587014094252741
Distimake quinatus,4,0.6553385416666666
Dodonaea hispidula,4,0.8552631578947368
Dodonaea lanceolata,5,0.554078947368421
Dodonaea viscosa,5,0.46938727688749193
Dolichandrone heterophylla,4,0.8067887931034483
Dracaena angustifolia,2,0.6428571428571428
Dracaena trifasciata,3,0.5609195402298851
Drosera auriculata,3,0.8222222222222223
Drosera peltata,3,0.7677527151211362
Drosera pygmaea,4,0.631412642337609
Drymophila cyanocarpa,2,0.9907407407407407
Drynaria quercifolia,2,0.6641304347826087
Drynaria rigidula,3,0.6463365539452496
Drypetes deplanchei,4,0.5350683104809933
Dysphania pumilio,3,0.40872773536895673
Einadia hastata,2,0.7301136363636364
Einadia nutans,4,0.65603102013163
Elaeocarpus arnhemicus,2,0.4647058823529412
Elaeodendron melanocarpum,4,0.5814948449665764
Eleocharis geniculata,5,0.6953676470588236
Enchylaena tomentosa,5,0.5670261197010905
Enneapogon pallidus,3,0.6403692093347266
Epacris impressa,4,0.6821612149532711
Epilobium billardiereanum,4,0.5197743314842472
Eragrostis cumingii,5,0.49665728360309647
Eragrostis dielsii,2,0.75
Eragrostis spec.,1,0.47058823529411764
Eremophila deserti,3,0.6947278911564626
Eremophila glabra,4,0.6584313725490196
Eriachne ciliata,4,0.6510416666666667
Eriachne obtusa,5,0.5119849432009141
Eriachne sulcata,3,0.8912878787878787
Erigeron sumatrensis,5,0.5295066413662239
Eryngium vesiculosum,1,0.9375
Erythrina insularis,1,0.8387096774193549
Erythrina variegata,3,0.5952379686991603
Erythrophleum chlorostachys,4,0.8039297658862876
Eucalyptus globulus,2,0.7245689655172414
Eucalyptus miniata,4,0.8008646245059289
Eucalyptus nitida,2,0.6120689655172413
Eucalyptus rudis,0,
Eucalyptus tetrodonta,0,
Eucalyptus viminalis,3,0.8333333333333334
Euchiton involucratus,4,0.4506627567693744
Euchiton japonicus,4,0.5583105328020779
Euchiton sphaericus,5,0.37931372549019604
Eugenia reinwardtiana,3,0.5712223287458874
Euphorbia atoto,2,0.5
Euphorbia bifida,3,0.5935175356308219
Euphorbia chamissonis,3,0.7908772214620873
Euphorbia drummondii,1,0.8
Euphorbia litticola,4,0.392737003058104
Euphorbia tannensis,5,0.5535980631924722
Euroschinus falcata,4,0.48481722703403124
Eurychorda complanata,2,0.75
Eustrephus latifolius,4,0.6666666666666666
Eutaxia myrtifolia,1,0.5625
Evolvulus alsinoides,5,0.6354008648356475
Excoecaria agallocha,4,0.670027338109356
Excoecaria ovalis,0,
Exocarpos aphyllus,4,0.5261087795870404
Exocarpos cupressiformis,4,0.6093939393939394
Exocarpos latifolius,5,0.6796620105957241
Exocarpos sparteus,4,0.5478896103896104
Exocarpos strictus,1,0.7666666666666667
Exocarpos syrticola,4,0.45133437407077015
Ficinia nodosa,5,0.4638266012295228
Ficus aculeata,4,0.6777678571428571
Ficus atricha,3,0.9017094017094017
Ficus brachypoda,4,0.6859567901234568
Ficus drupacea,2,0.6288461538461538
Ficus microcarpa,3,0.5254934210526315
Ficus obliqua,4,0.6641765873015874
Ficus opposita,4,0.629850896051554
Ficus platypoda,5,0.6426190476190475
Ficus rubiginosa,3,0.5066255239869585
Ficus spec.,3,0.5
Ficus superba,1,0.5
Ficus virens,5,0.5364800518853424
Fimbristylis cymosa,4,0.5831696265581807
Fimbristylis dichotoma,5,0.48944104141472555
Fimbristylis ferruginea,5,0.571312724014337
Fimbristylis polytrichoides,5,0.6510249103777921
Fimbristylis schultzii,4,0.6629166666666666
Fimbristylis spec.,4,0.6560370582788084
Flagellaria indica,5,0.5760888582826749
Flueggea virosa,4,0.597829187304713
Frankenia cordata,2,0.49615384615384617
Frankenia pauciflora,5,0.6450353213721919
Frankenia sessilis,2,0.5666666666666667
Frankenia tetrapetala,0,
Fuirena ciliaris,4,0.5789251207729469
Gahnia grandis,2,1.0
Gahnia trifida,4,0.574348838493993
Galactia tenuiflora,4,0.5139909297052154
Galium australe,4,0.7265486725663717
Ganophyllum falcatum,4,0.5441055342686687
Garuga floribunda,4,0.6865202275600505
Geijera linearifolia,2,0.7298387096774194
Geranium potentilloides,3,0.7277777777777777
Geranium solanderi,5,0.5053798858146685
Glochidion xerocarpum,0,
Glycine tabacina,4,0.5529829545454545
Glycine tomentella,4,0.6695788444273438
Glycosmis macrophylla,3,0.9051932367149759
Glycosmis trifoliata,4,0.5432928080067931
Gnaphalium indutum,4,0.48718030872636137
Gompholobium subulatum,3,0.7039627039627039
Gomphrena canescens,3,0.6962481962481962
Gonocarpus leptothecus,4,0.6840579710144927
Gonocarpus scordioides,0,
Gonocarpus teucrioides,3,0.7380341880341881
Goodenia ovata,4,0.5400947350771295
Goodenia varia,3,0.5590782471086831
Grevillea agrifolia,3,0.8469576719576719
Grevillea heliosperma,2,0.8527777777777777
Grevillea pteridifolia,1,0.5
Grevillea refracta,3,0.9218055555555557
Grewia breviflora,4,0.7176142068273093
Grewia oxyphylla,4,0.6697916666666667
Grewia retusifolia,4,0.6366883116883117
Guettarda speciosa,3,0.5848625985329012
Gymnanthera oblonga,4,0.6839333321337855
Gymnosporia inermis,1,0.8571428571428571
Gyrocarpus americanus,4,0.642240800429761
Hakea arborescens,4,0.8144677661169415
Hakea clavata,0,
Halophila ovalis,4,0.5386401524172422
Hardenbergia violacea,4,0.6285014005602241
Harrisonia brownii,4,0.695648604269294
Helichrysum leucopsideum,4,0.5058483005851426
Heptapleurum actinophyllum,4,0.48184273709483794
Heteropogon contortus,5,0.6535140668520827
Heteropogon triticeus,3,0.5850199784847088
Hibbertia complanata,0,
Hibbertia cuneiformis,0,
Hibbertia dealbata,0,
Hibbertia lepidota,2,0.49375
Hibbertia oblongata,2,0.6532258064516129
Hibbertia spec.,3,0.5
Hibiscus geranioides,4,0.7758832565284178
Hibiscus leptocladus,4,0.7822270322270323
Hibiscus meraukensis,4,0.6284657875980043
Hibiscus tiliaceus,5,0.5763100505689001
Histiopteris incisa,5,0.5790533258329867
Hoya australis,4,0.5701161202185793
Huberantha nitidissima,4,0.5296818996415771
Hydrocotyle diantha,3,0.5095899470899471
Hydrocotyle hirta,5,0.6088814016172506
Hydrocotyle sibthorpioides,4,0.7571953405017922
Hypoestes floribunda,4,0.5238239622597608
Hypolaena fastigiata,3,0.7313817330210771
Ichnocarpus frutescens,4,0.6194281045751634
Imperata cylindrica,4,0.5839578920999293
Indigofera colutea,5,0.6213408521303257
Indigofera hirsuta,5,0.5706491292169041
Indigofera linifolia,5,0.6090046082949309
Indigofera trita,3,0.5989583333333334
Ipomoea eriocarpa,3,0.642287784679089
Ipomoea macrantha,4,0.6208639311003116
Ipomoea nil,2,0.4732142857142857
Ipomoea pes-caprae,5,0.583918998108504
Ischaemum australe,5,0.6844548440065681
Isolepis cernua,5,0.5292766104862879
Isolepis marginata,4,0.4650885939528413
Isolepis platycarpa,2,0.32523809523809527
Ixora timorensis,3,0.6351961584585463
Jacksonia dilatata,0,
Jacksonia furcellata,0,
Jacksonia sternbergiana,0,
Jacquemontia paniculata,4,0.6026403461379625
Jasminum didymum,5,0.5850873440285206
Jasminum elongatum,3,0.5881941117448725
Jasminum molle,3,0.7341269841269842
Josephinia imperatricis,3,0.6411518133770732
Juncus bufonius,5,0.5176434717684718
Juncus kraussii,5,0.44898968445544635
Juncus pallidus,5,0.46804645542427503
Juncus pauciflorus,5,0.5856396544631839
Juncus planifolius,4,0.6614854443801812
Kennedia prostrata,4,0.47522865853658536
Kennedia rubicunda,3,0.8049242424242425
Kunzea ambigua,2,0.4142287234042553
Lachnagrostis aemula,3,0.34216429565266776
Lachnagrostis billardierei,3,0.492003367003367
Lachnagrostis filiformis,5,0.4776264461709389
Lagenophora stipitata,3,0.8080459770114943
Lasiopetalum discolor,4,0.6230769230769231
Lawrencia squamata,3,0.4624230309714181
Leichhardtia rostrata,2,0.6704545454545454
Leiocarpa supina,4,0.581376245282746
Lepidium foliosum,5,0.5819745316232011
Lepidium lyratogynum,3,0.7857142857142857
Lepidium pseudoruderale,0,
Lepidium puberulum,3,0.9188034188034188
Lepidosperma concavum,4,0.7727987421383649
Lepidosperma gladiatum,5,0.5759076955647295
Lepidosperma laterale,4,0.4821826359124747
Lepidosperma longitudinale,1,0.5
Leptecophylla juniperina,4,0.6548679744434462
Leptinella reptans,1,0.421875
Leptospermum glaucescens,1,1.0
Leptospermum laevigatum,5,0.5265603480656067
Leptospermum scoparium,4,0.6851729153199742
Lepturus repens,4,0.687111801242236
Leucophyta brownii,5,0.52668990219388
Leucopogon ericoides,3,0.8354856066720474
Leucopogon obovatus,2,0.5985915492957746
Leucopogon parviflorus,5,0.5792648350422259
Lilaeopsis polyantha,5,0.6438845822566753
Limosella australis,5,0.6058008969000348
Lindsaea ensifolia,4,0.6231567078241955
Lithomyrtus retusa,1,0.5
Litsea glutinosa,3,0.45606060606060606
Livistona humilis,0,
Lobelia anceps,5,0.5617262813830776
Lomandra longifolia,4,0.5715348639455782
Lophostemon grandiflorus,3,0.675499955160972
Ludwigia octovalvis,5,0.7338257575757576
Ludwigia perennis,4,0.7996212121212121
Lumnitzera racemosa,4,0.5435887892112524
Luvunga monophylla,3,0.6121212121212122
Lycium australe,2,0.5059660488764967
Macaranga tanarius,4,0.5383704337899543
Machaerina juncea,5,0.45247101633240244
Macrozamia riedlei,0,
Maireana oppositifolia,4,0.5708606051982545
Malaisia scandens,5,0.6841509068525098
Mallotus nesophilus,5,0.7553709677419355
Mallotus philippensis,4,0.51
Malva preissiana,4,0.5821553773217087
Malva weinmanniana,5,0.6413977723993036
Malvastrum americanum,3,0.3812394812394812
Malvastrum coromandelianum,3,0.6293356848912405
Manilkara kauki,3,0.7871587965730225
Maranthes corymbosa,1,0.5
Melaleuca cuticularis,1,0.5
Melaleuca dealbata,5,0.5507040998217468
Melaleuca ericifolia,4,0.6614286978732012
Melaleuca lanceolata,5,0.4834197793950116
Melaleuca leucadendra,4,0.5341296487603306
Melaleuca nervosa,3,0.6028270509977828
Melaleuca quinquenervia,4,0.5555555555555556
Melaleuca rhaphiophylla,0,
Melaleuca squarrosa,2,1.0
Melaleuca viminea,0,
Melaleuca viridiflora,4,0.5949341221207002
Melhania oblongifolia,5,0.753370085513567
Melia azedarach,4,0.5407608695652174
Memecylon pauciflorum,4,0.4110389610389611
Mesosphaerum suaveolens,4,0.637209145021645
Microlaena stipoides,4,0.4973442420152946
Micromelum minutum,4,0.583299512987013
Microstachys chamaelea,4,0.815595238095238
Microtis unifolia,4,0.6457319599793641
Millettia pinnata,3,0.5226738555894043
Mimusops elengi,4,0.6434749901782206
Mnesithea formosa,4,0.45886136712749614
Mnesithea rottboellioides,4,0.7096949052803114
Monotoca elliptica,4,0.7301587506187097
Monotoca glauca,2,1.0
Morinda citrifolia,4,0.5668516982279173
Mucuna gigantea,4,0.5343137254901961
Muehlenbeckia adpressa,4,0.5489601642179397
Muehlenbeckia gunnii,3,0.5638927847904004
Muellerolimon salicorniaceum,1,0.5
Murdannia graminea,4,0.6137744633838383
Murraya paniculata,5,0.6962490598769561
Myoporum acuminatum,5,0.5365387170616607
Myoporum boninense,4,0.805893759018759
Myoporum caprarioides,0,
Myoporum insulare,5,0.49679781104538756
Myristica insipida,3,0.624358164983165
Nematolepis squamea,1,0.5
Neobassia astrocarpa,1,0.5
Neptunia gracilis,4,0.7966531254574732
Nicotiana maritima,3,0.6004716981132076
Nicotiana occidentalis,4,0.75390559732665
Nicotiana rotundifolia,3,0.795751633986928
Nitraria billardierei,5,0.7190579172791282
Notelaea longifolia,3,0.6899585921325052
Oldenlandia corymbosa,2,0.36
Oldenlandia galioides,4,0.7547356442577031
Olearia axillaris,5,0.48358714421996246
Olearia phlogopappa,4,0.6868240774570697
Olearia ramulosa,5,0.6439726096355385
Olearia stellulata,2,0.5738095238095238
Operculina brownii,3,0.476000072534726
Ophioglossum lusitanicum,3,0.47727272727272724
Opilia amentacea,4,0.6214497149922461
Oplismenus hirtellus,4,0.6979651162790698
Osbornia octodonta,4,0.6781629318394025
Oxalis perennans,5,0.6146296078967598
Ozothamnus ferrugineus,4,0.7791396103896104
Ozothamnus turbinatus,4,0.7470254900379123
Pachygone ovata,3,0.4565047021943574
Pandanus spec.,3,0.5
Pandanus spiralis,4,0.7023471948588048
Pandanus tectorius,4,0.645859440267335
Pandorea pandorana,4,0.36875
Panicum mindanaense,4,0.6333128078817735
Panicum trichoides,3,0.48730375311636687
Paraserianthes lophantha,3,0.510737941972199
Parietaria cardiostegia,2,0.6805555555555556
Parietaria debilis,5,0.5371532977051047
Parsonsia velutina,5,0.587707039337474
Paspalum scrobiculatum,5,0.6184848484848484
Paspalum vaginatum,3,0.5613026819923372
Patersonia occidentalis,1,0.2222222222222222
Pavetta kimberleyana,3,0.8790931290931291
Pelargonium australe,5,0.6257288070366585
Pellaea falcata,4,0.6548756218905472
Peltophorum pterocarpum,2,0.41129032258064513
Pemphis acidula,4,0.6198232323232323
Perotis rara,5,0.5481594811837779
Persoonia falcata,4,0.6780385428851132
Petalostigma pubescens,5,0.6512514290380533
Petalostigma quadriloculare,2,0.9193548387096775
Petrorhagia dubia,3,0.44670680532749496
Phaleria octandra,1,0.5
Philydrum lanuginosum,5,0.6356360622052024
Phragmites australis,4,0.6528286528286528
Phyla nodiflora,4,0.6052536231884058
Phyllanthus calycinus,4,0.6055209994683679
Phyllanthus maderaspatensis,4,0.7194035360791826
Phyllanthus novae-hollandiae,3,0.5182748538011696
Phyllanthus reticulatus,5,0.5510065227170491
Phyllanthus scaber,0,
Phyllanthus virgatus,5,0.5431067588325653
Physalis angulata,2,0.6247119815668203
Pimelea clavata,1,0.5
Pimelea ferruginea,1,0.5769230769230769
Pimelea linifolia,5,0.6212225274725275
Pimelea microcephala,2,0.75
Pimelea serpyllifolia,4,0.5491196020618054
Pipturus argenteus,4,0.5714975444038256
Pisonia grandis,2,0.5298013245033113
Pittosporum angustifolium,3,0.4801301023554076
Pittosporum bicolor,1,0.9
Pittosporum phillyreoides,4,0.6534946236559139
Pittosporum undulatum,3,0.8038847117794486
Planchonella obovata,3,0.7069065969354987
Planchonia careya,5,0.7162639311043566
Plantago debilis,4,0.521875
Plantago hispida,4,0.6102430555555556
Plantago triantha,0,
Plantago varia,4,0.6242644655116051
Platysace compressa,1,0.55
Plectranthus parviflorus,3,0.7491269841269842
Plectranthus scutellarioides,3,0.4682539682539682
Pleurostylia opposita,3,0.6212365591397849
Pluchea rubelliflora,4,0.78125
Plumbago zeylanica,4,0.6396983012568735
Poa billardierei,4,0.3632793328518622
Poa labillardierei,5,0.6247259955880646
Poa poiformis,5,0.5756200419690681
Poa rodwayi,1,0.5
Podolepis rugata,3,0.7195796218159088
Podotheca angustifolia,5,0.4800207039337474
Polycarpaea corymbosa,3,0.6430555555555556
Polystichum proliferum,2,0.8042596348884381
Pomaderris apetala,4,0.7064599483204135
Pomaderris elliptica,2,0.5281190281190281
Pomaderris paniculosa,3,0.26157562244518767
Poranthera microphylla,5,0.504449646398799
Portulaca australis,3,0.6188413105935571
Portulaca intraterranea,0,
Portulaca oleracea,5,0.47845294325557486
Portulaca pilosa,5,0.5539604265583458
Premna acuminata,4,0.6890672963400236
Premna serratifolia,3,0.6589273034088073
Proiphys amboinensis,2,1.0
Pseuderanthemum variabile,4,0.5565993788819875
Pseudognaphalium luteoalbum,5,0.45900652932567826
Psychotria nesophila,3,0.598778932021141
Pteridium esculentum,5,0.6158453300561797
Pterocaulon serrulatum,4,0.7913690476190476
Pterocaulon sphacelatum,5,0.48146103372855986
Pterostylis nana,4,0.6475783475783476
Pterostylis nutans,4,0.6533231870484346
Pterostylis sanguinea,3,0.5234375
Ptilotus conicus,3,0.745625
Ptilotus exaltatus,4,0.536923405935382
Ptilotus giganteus,3,0.9061609686609686
Ptilotus villosiflorus,3,0.6906028368794326
Pultenaea daphnoides,5,0.5998225229826354
Pycnospora lutescens,3,0.5594806763285024
Rhagodia baccata,4,0.5492877492877494
Rhagodia candolleana,5,0.6046482593360865
Rhagodia crassifolia,5,0.5578707669577109
Rhagodia latifolia,1,1.0
Rhagodia preissii,4,0.6750541125541125
Rhizophora apiculata,2,0.8809523809523809
Rhizophora stylosa,4,0.721057369391098
Rhynchosia australis,3,0.5722727272727273
Rhynchosia minima,5,0.6244552221971577
Roepera apiculata,4,0.5378154151038511
Roepera billardierei,4,0.6186278188147867
Roepera fruticulosa,3,0.6733333333333333
Roepera similis,2,0.75
Rubus anglocandicans,3,0.6609848484848485
Rumex brownii,4,0.5192816956613618
Rumex hypogaeus,4,0.38887781101141017
Rumohra adiantiformis,3,0.8139150121908743
Ruppia maritima,3,0.4666666666666666
Rytidosperma caespitosum,5,0.44442659657320877
Rytidosperma racemosum,4,0.6007957050365281
Rytidosperma setaceum,3,0.5626486578321441
Sagina maritima,5,0.6002576047141265
Salacia chinensis,3,0.5990143369175628
Salicornia blackiana,3,0.490164307237478
Salicornia quinqueflora,5,0.5058069774131692
Salsola australis,5,0.5597466321467333
Sambucus gaudichaudiana,4,0.7338141713141714
Samolus repens,5,0.5485925881426301
Santalum album,0,
Santalum lanceolatum,4,0.6420958252740168
Scaevola crassifolia,5,0.6064252217936816
Scaevola spinescens,1,0.5
Scaevola taccada,4,0.7222975509884806
Schenkia australis,5,0.5715654405474765
Schizachyrium fragile,5,0.630953009482955
Schoenoplectus subulatus,4,0.4765625
Schoenoplectus tabernaemontani,2,0.375
Schoenus apogon,4,0.7748912545787545
Schoenus nitens,4,0.6462880291005291
Schoenus sparteus,2,0.6381048387096775
Scleranthus biflorus,2,0.7361111111111112
Scleranthus pungens,3,0.6722807017543859
Scleria brownii,4,0.6066556129056129
Scleria rugosa,4,0.4684813698206556
Sclerolaena uniflora,4,0.5237760924133831
Sclerolaena ventricosa,0,
Scyphiphora hydrophylacea,1,0.44545454545454544
Secamone elliptica,4,0.4347701149425287
Secamone timorensis,3,0.8833572796934867
Sehima nervosum,4,0.5333333333333333
Selliera radicans,4,0.6548695958646615
Semecarpus australiensis,2,0.6693548387096775
Senecio biserratus,5,0.7377567037279268
Senecio depressicola,5,0.5612148564746869
Senecio glomeratus,3,0.8987068965517242
Senecio hispidulus,5,0.5224512307538991
Senecio linearifolius,4,0.667725630572404
Senecio minimus,5,0.6731347599768653
Senecio pinnatifolius,5,0.5422147305796392
Senna goniodes,1,0.9130434782608695
Sersalisia sericea,4,0.7102130760222795
Sesbania cannabina,4,0.698724376114082
Sesuvium portulacastrum,5,0.5469436824200337
Setaria apiculata,4,0.5842533133943232
Setaria dielsii,3,0.5
Setaria surgens,4,0.6034106182795699
Sida acuta,1,0.5
Sida cordifolia,4,0.5583333333333333
Sida hookeriana,0,
Sida rhombifolia,4,0.4627144607843137
Sigesbeckia orientalis,4,0.5791127873563218
Smilax australis,5,0.6242022024745559
Solanum americanum,3,0.6127645502645503
Solanum laciniatum,5,0.3163533438651922
Solanum symonii,2,0.5
Solanum vescum,4,0.6175079649542015
Solanum viridifolium,0,
Sonneratia alba,3,0.5952292670868866
Sophora tomentosa,4,0.6656339268897539
Sorghum plumosum,5,0.6943667443667444
Sorghum stipoideum,3,0.8263888888888888
Spergularia marina,4,0.5390625
Spermacoce spec.,4,0.661799771849502
Sphaeromorphaea australis,4,0.5648148148148149
Spinifex hirsutus,4,0.49597919826714465
Spinifex longifolius,5,0.5456967193672531
Spinifex sericeus,4,0.4357412607690077
Sporobolus virginicus,5,0.4718131407264008
Spyridium globulosum,3,0.49311063045742215
Stackhousia intermedia,4,0.5207307992114001
Stackhousia monogyna,3,0.32594647201946475
Stemodia lythrifolia,4,0.8180465367965368
Stenocarpus acacioides,4,0.729563492063492
Stenotaphrum micranthum,1,0.5
Stephania japonica,4,0.7665660014005602
Sterculia quadrifida,4,0.5462009016946842
Stipa spec.,3,0.5490785256410257
Strychnos lucida,4,0.8077380952380953
Stylidium adnatum,2,0.525
Stylidium graminifolium,4,0.6700332423367541
Suaeda australis,5,0.5283989863272042
Suriana maritima,3,0.6647912671106356
Swainsona lessertiifolia,4,0.5622239475500345
Syzygium smithii,3,0.7001005530417296
Syzygium suborbiculare,3,0.592969675432362
Tabernaemontana orientalis,4,0.6991060838558402
Tacca leontopetaloides,4,0.6840345771921601
Tacca maculata,2,0.7789855072463767
Tarenna pentamera,4,0.8116995073891625
Tasmannia lanceolata,1,0.9285714285714286
Tecticornia arbuscula,5,0.44375
Tecticornia halocnemoides,5,0.491546770184617
Tecticornia indica,5,0.34032269961276046
Templetonia hookeri,2,0.8611111111111112
Templetonia retusa,5,0.5383573063092514
Tephrosia brachyodon,4,0.682680014989516
Tephrosia laxa,3,0.7287851037851037
Tephrosia phaeosperma,3,0.8562502247635487
Tephrosia spec.,5,0.6384828413940256
Terminalia arenicola,3,0.49343645484949833
Terminalia canescens,4,0.7138347763347763
Terminalia carpentariae,2,0.8094758064516129
Terminalia catappa,3,0.5610305958132046
Terminalia ferdinandiana,3,0.75
Terminalia muelleri,3,0.6521821537233777
Tetragonia diptera,0,
Tetragonia implexicoma,5,0.5517551504820378
Tetragonia tetragonoides,5,0.5545895815013127
Themeda arguens,3,0.5539502164502165
Themeda triandra,5,0.6657190686671818
Thespesia populnea,4,0.45186781609195403
Thespesia populneoides,4,0.6338909506527092
Threlkeldia diffusa,5,0.5714519402142033
Thuarea involuta,3,0.651083956397697
Thyridia repens,4,0.39662524366471735
Thysanotus patersonii,4,0.47580645161290325
Timonius timon,5,0.714589076700985
Tinospora smilacina,5,0.5849874880021939
Trachymene didiscoides,2,0.8666666666666667
Trachymene pilosa,4,0.5292658001205647
Trachymene spec.,0,
Trema tomentosa,5,0.6740674603174603
Tribulus cistoides,4,0.6326794069575277
Trichodesma zeylanicum,4,0.7320512820512821
Trichosanthes cucumerina,3,0.754059829059829
Triglochin calcitrapa,1,0.6538461538461539
Triglochin centrocarpa,1,0.4714285714285714
Triglochin mucronata,3,0.5499752670138066
Triglochin striata,5,0.476057381324987
Triglochin trichophora,4,0.4473158759772566
Triodia bitextura,3,0.9064002089864159
Triodia bynoei,3,0.9294871794871794
Triodia microstachya,4,0.8084422657952071
Triumfetta repens,3,0.5711715985688589
Turraea pubescens,4,0.565374795751634
Uraria lagopodioides,4,0.5833333333333334
Urochloa subquadripara,5,0.6316364752430326
Urtica incisa,5,0.566413199426112
Utricularia chrysantha,4,0.6741769293924467
Uvaria glabra,1,0.5
Vavaea amicorum,3,0.5964240102171137
Verticordia verticillata,1,0.5
Vigna lanceolata,4,0.7708333333333333
Vigna marina,4,0.5765760615069642
Vigna radiata,5,0.7052796981346316
Vigna vexillata,4,0.5534722222222223
Viminaria juncea,1,0.5
Vincetoxicum carnosum,5,0.6434243759980085
Vincetoxicum flexuosum,4,0.6920303329594043
Viola hederacea,5,0.5733652312599682
Vitex acuminata,4,0.6481341575091575
Vitex glabrata,4,0.7628489326765189
Vitex rotundifolia,4,0.6499409878687061
Vitex trifolia,4,0.5156162464985994
Vulpia fasciculata,2,0.5
Wahlenbergia gracilenta,3,0.35660061125899634
Wahlenbergia gracilis,5,0.5668481518481518
Wahlenbergia spec.,4,0.44436026936026934
Waltheria indica,5,0.5067651314203039
Watsonia meriana,1,0.5
Westringia dampieri,5,0.46355327580318423
Westringia fruticosa,2,0.967267706302794
Wikstroemia indica,4,0.4908088235294118
Wilsonia backhousei,2,0.5116279069767442
Wilsonia humilis,5,0.5938624437781109
Wollastonia biflora,4,0.6495965336285092
Wrightia pubescens,4,0.6237158503986951
Wrightia saligna,2,0.6923076923076923
Wurmbea dioica,4,0.5819444444444445
Xanthostemon paradoxus,4,0.7872208436724566
Xenostegia tridentata,4,0.6143267303028035
Xerochrysum papillosum,1,0.18333333333333332
Ximenia americana,2,0.46805555555555556
Xylocarpus granatum,4,0.572275641025641
Xylocarpus moluccensis,2,0.59375
Xyris complanata,4,0.6261005146312194
Zanthoxylum parviflorum,4,0.5494042994042994
Zealandia pustulata,4,0.6978728991596639
Ziziphus oenopolia,1,0.5
Zoysia macrantha,4,0.3305224867724868
